{"0": {"time": 13.583260869565217, "direction": 0}, "1": {"time": 13.583260869565217, "direction": 3}, "2": {"time": 14.01804347826087, "direction": 0}, "3": {"time": 14.887608695652174, "direction": 1}, "4": {"time": 15.757173913043479, "direction": 2}, "5": {"time": 16.626739130434782, "direction": 3}, "6": {"time": 17.061521739130434, "direction": 0}, "7": {"time": 17.496304347826086, "direction": 3}, "8": {"time": 18.36586956521739, "direction": 1}, "9": {"time": 19.235434782608696, "direction": 2}, "10": {"time": 20.105, "direction": 0}, "11": {"time": 20.539782608695653, "direction": 3}, "12": {"time": 20.974565217391305, "direction": 0}, "13": {"time": 21.84413043478261, "direction": 1}, "14": {"time": 22.713695652173914, "direction": 3}, "15": {"time": 23.58326086956522, "direction": 1}, "16": {"time": 24.01804347826087, "direction": 0}, "17": {"time": 24.452826086956524, "direction": 3}, "18": {"time": 25.322391304347825, "direction": 1}, "19": {"time": 26.19195652173913, "direction": 0}, "20": {"time": 27.061521739130434, "direction": 1}, "21": {"time": 27.496304347826086, "direction": 3}, "22": {"time": 27.93108695652174, "direction": 0}, "23": {"time": 28.36586956521739, "direction": 1}, "24": {"time": 28.800652173913043, "direction": 2}, "25": {"time": 29.235434782608696, "direction": 3}, "26": {"time": 29.670217391304348, "direction": 0}, "27": {"time": 30.105, "direction": 2}, "28": {"time": 30.539782608695653, "direction": 0}, "29": {"time": 30.974565217391305, "direction": 0}, "30": {"time": 31.409347826086957, "direction": 3}, "31": {"time": 31.84413043478261, "direction": 2}, "32": {"time": 32.278913043478255, "direction": 1}, "33": {"time": 32.71369565217391, "direction": 0}, "34": {"time": 33.14847826086956, "direction": 3}, "35": {"time": 33.583260869565216, "direction": 1}, "36": {"time": 34.018043478260864, "direction": 3}, "37": {"time": 34.45282608695652, "direction": 0}, "38": {"time": 34.88760869565217, "direction": 1}, "39": {"time": 35.322391304347825, "direction": 0}, "40": {"time": 35.757173913043474, "direction": 3}, "41": {"time": 36.19195652173913, "direction": 0}, "42": {"time": 36.62673913043478, "direction": 2}, "43": {"time": 37.061521739130434, "direction": 1}, "44": {"time": 37.49630434782608, "direction": 3}, "45": {"time": 37.93108695652174, "direction": 3}, "46": {"time": 38.36586956521739, "direction": 0}, "47": {"time": 38.80065217391304, "direction": 1}, "48": {"time": 39.23543478260869, "direction": 2}, "49": {"time": 39.67021739130435, "direction": 1}, "50": {"time": 40.105, "direction": 0}, "51": {"time": 40.539782608695646, "direction": 0}, "52": {"time": 40.9745652173913, "direction": 3}, "53": {"time": 41.40934782608695, "direction": 3}, "54": {"time": 41.844130434782606, "direction": 0}, "55": {"time": 42.278913043478255, "direction": 2}, "56": {"time": 42.71369565217391, "direction": 1}, "57": {"time": 43.14847826086956, "direction": 3}, "58": {"time": 43.583260869565216, "direction": 0}, "59": {"time": 44.018043478260864, "direction": 1}, "60": {"time": 44.45282608695652, "direction": 0}, "61": {"time": 44.88760869565217, "direction": 0}, "62": {"time": 45.322391304347825, "direction": 3}, "63": {"time": 45.757173913043474, "direction": 1}, "64": {"time": 46.19195652173913, "direction": 2}, "65": {"time": 46.62673913043478, "direction": 0}, "66": {"time": 47.061521739130434, "direction": 3}, "67": {"time": 47.49630434782608, "direction": 2}, "68": {"time": 47.93108695652174, "direction": 3}, "69": {"time": 48.36586956521739, "direction": 0}, "70": {"time": 48.80065217391304, "direction": 2}, "71": {"time": 49.23543478260869, "direction": 0}, "72": {"time": 49.67021739130435, "direction": 3}, "73": {"time": 50.105, "direction": 0}, "74": {"time": 50.539782608695646, "direction": 1}, "75": {"time": 50.9745652173913, "direction": 2}, "76": {"time": 51.40934782608695, "direction": 3}, "77": {"time": 51.844130434782606, "direction": 3}, "78": {"time": 52.278913043478255, "direction": 0}, "79": {"time": 52.71369565217391, "direction": 2}, "80": {"time": 53.14847826086956, "direction": 1}, "81": {"time": 53.583260869565216, "direction": 2}, "82": {"time": 54.018043478260864, "direction": 0}, "83": {"time": 54.45282608695652, "direction": 0}, "84": {"time": 54.88760869565217, "direction": 3}, "85": {"time": 55.322391304347825, "direction": 3}, "86": {"time": 55.757173913043474, "direction": 0}, "87": {"time": 56.19195652173913, "direction": 1}, "88": {"time": 56.62673913043478, "direction": 2}, "89": {"time": 57.49630434782608, "direction": 3}, "90": {"time": 57.93108695652174, "direction": 1}, "91": {"time": 58.36586956521739, "direction": 2}, "92": {"time": 59.23543478260869, "direction": 0}, "93": {"time": 59.67021739130435, "direction": 3}, "94": {"time": 60.105, "direction": 2}, "95": {"time": 60.539782608695646, "direction": 2}, "96": {"time": 60.9745652173913, "direction": 3}, "97": {"time": 61.40934782608695, "direction": 0}, "98": {"time": 61.844130434782606, "direction": 1}, "99": {"time": 62.278913043478255, "direction": 1}, "100": {"time": 62.71369565217391, "direction": 0}, "101": {"time": 63.14847826086956, "direction": 2}, "102": {"time": 63.583260869565216, "direction": 1}, "103": {"time": 64.45282608695652, "direction": 3}, "104": {"time": 64.88760869565218, "direction": 2}, "105": {"time": 65.32239130434783, "direction": 1}, "106": {"time": 66.19195652173913, "direction": 0}, "107": {"time": 66.62673913043479, "direction": 0}, "108": {"time": 67.06152173913044, "direction": 3}, "109": {"time": 67.4963043478261, "direction": 1}, "110": {"time": 67.93108695652174, "direction": 3}, "111": {"time": 68.3658695652174, "direction": 3}, "112": {"time": 68.80065217391305, "direction": 0}, "113": {"time": 69.2354347826087, "direction": 2}, "114": {"time": 69.67021739130435, "direction": 1}, "115": {"time": 70.105, "direction": 1}, "116": {"time": 70.105, "direction": 2}, "117": {"time": 70.53978260869566, "direction": 2}, "118": {"time": 70.9745652173913, "direction": 0}, "119": {"time": 71.40934782608696, "direction": 3}, "120": {"time": 71.84413043478261, "direction": 2}, "121": {"time": 71.84413043478261, "direction": 3}, "122": {"time": 72.27891304347827, "direction": 2}, "123": {"time": 72.71369565217391, "direction": 1}, "124": {"time": 73.14847826086957, "direction": 0}, "125": {"time": 73.58326086956522, "direction": 0}, "126": {"time": 73.58326086956522, "direction": 3}, "127": {"time": 74.01804347826088, "direction": 3}, "128": {"time": 74.45282608695652, "direction": 1}, "129": {"time": 74.88760869565218, "direction": 2}, "130": {"time": 75.32239130434783, "direction": 0}, "131": {"time": 75.32239130434783, "direction": 2}, "132": {"time": 75.75717391304349, "direction": 0}, "133": {"time": 76.19195652173913, "direction": 1}, "134": {"time": 76.62673913043479, "direction": 2}, "135": {"time": 77.06152173913044, "direction": 2}, "136": {"time": 77.06152173913044, "direction": 3}, "137": {"time": 77.4963043478261, "direction": 3}, "138": {"time": 77.93108695652174, "direction": 1}, "139": {"time": 78.3658695652174, "direction": 2}, "140": {"time": 78.80065217391305, "direction": 0}, "141": {"time": 78.80065217391305, "direction": 2}, "142": {"time": 79.2354347826087, "direction": 0}, "143": {"time": 79.67021739130435, "direction": 1}, "144": {"time": 80.105, "direction": 2}, "145": {"time": 80.53978260869566, "direction": 1}, "146": {"time": 80.9745652173913, "direction": 0}, "147": {"time": 81.40934782608696, "direction": 3}, "148": {"time": 81.84413043478261, "direction": 1}, "149": {"time": 82.27891304347827, "direction": 2}, "150": {"time": 82.71369565217391, "direction": 0}, "151": {"time": 83.14847826086957, "direction": 0}, "152": {"time": 83.14847826086957, "direction": 3}, "153": {"time": 83.58326086956522, "direction": 2}, "154": {"time": 83.58326086956522, "direction": 3}, "155": {"time": 84.45282608695652, "direction": 1}, "156": {"time": 85.32239130434783,