{"0": {"time": 6.645548387096774, "direction": 3}, "1": {"time": 9.742322580645162, "direction": 0}, "2": {"time": 11.09716129032258, "direction": 0}, "3": {"time": 12.064903225806452, "direction": 0}, "4": {"time": 12.064903225806452, "direction": 3}, "5": {"time": 12.452, "direction": 0}, "6": {"time": 12.452, "direction": 3}, "7": {"time": 12.839096774193548, "direction": 0}, "8": {"time": 13.613290322580646, "direction": 3}, "9": {"time": 14.387483870967742, "direction": 0}, "10": {"time": 15.161677419354838, "direction": 0}, "11": {"time": 15.935870967741936, "direction": 3}, "12": {"time": 16.710064516129034, "direction": 0}, "13": {"time": 17.48425806451613, "direction": 3}, "14": {"time": 18.258451612903226, "direction": 3}, "15": {"time": 19.032645161290326, "direction": 1}, "16": {"time": 19.80683870967742, "direction": 2}, "17": {"time": 20.581032258064518, "direction": 1}, "18": {"time": 21.355225806451614, "direction": 1}, "19": {"time": 22.12941935483871, "direction": 2}, "20": {"time": 22.90361290322581, "direction": 1}, "21": {"time": 23.677806451612906, "direction": 2}, "22": {"time": 24.452, "direction": 2}, "23": {"time": 25.226193548387098, "direction": 1}, "24": {"time": 25.226193548387098, "direction": 2}, "25": {"time": 26.387483870967742, "direction": 1}, "26": {"time": 26.387483870967742, "direction": 2}, "27": {"time": 26.774580645161294, "direction": 0}, "28": {"time": 26.774580645161294, "direction": 3}, "29": {"time": 27.935870967741938, "direction": 0}, "30": {"time": 27.935870967741938, "direction": 3}, "31": {"time": 28.322967741935486, "direction": 1}, "32": {"time": 29.097161290322582, "direction": 0}, "33": {"time": 29.871354838709678, "direction": 1}, "34": {"time": 30.645548387096778, "direction": 0}, "35": {"time": 31.419741935483874, "direction": 1}, "36": {"time": 32.96812903225806, "direction": 0}, "37": {"time": 32.96812903225806, "direction": 3}, "38": {"time": 33.74232258064516, "direction": 0}, "39": {"time": 33.74232258064516, "direction": 3}, "40": {"time": 34.516516129032254, "direction": 2}, "41": {"time": 35.29070967741935, "direction": 2}, "42": {"time": 36.06490322580645, "direction": 3}, "43": {"time": 36.83909677419355, "direction": 3}, "44": {"time": 37.613290322580646, "direction": 2}, "45": {"time": 38.38748387096774, "direction": 2}, "46": {"time": 39.16167741935484, "direction": 3}, "47": {"time": 39.935870967741934, "direction": 3}, "48": {"time": 40.71006451612903, "direction": 0}, "49": {"time": 41.484258064516126, "direction": 0}, "50": {"time": 42.25845161290322, "direction": 3}, "51": {"time": 43.03264516129032, "direction": 3}, "52": {"time": 43.806838709677415, "direction": 0}, "53": {"time": 44.58103225806452, "direction": 3}, "54": {"time": 45.355225806451614, "direction": 0}, "55": {"time": 46.12941935483871, "direction": 2}, "56": {"time": 46.903612903225806, "direction": 0}, "57": {"time": 46.903612903225806, "direction": 3}, "58": {"time": 47.6778064516129, "direction": 3}, "59": {"time": 48.452, "direction": 0}, "60": {"time": 49.226193548387094, "direction": 3}, "61": {"time": 50.00038709677419, "direction": 0}, "62": {"time": 50.774580645161286, "direction": 0}, "63": {"time": 51.54877419354838, "direction": 1}, "64": {"time": 52.32296774193548, "direction": 2}, "65": {"time": 53.09716129032258, "direction": 1}, "66": {"time": 53.87135483870968, "direction": 2}, "67": {"time": 54.645548387096774, "direction": 3}, "68": {"time": 55.41974193548387, "direction": 3}, "69": {"time": 56.193935483870966, "direction": 0}, "70": {"time": 56.96812903225806, "direction": 3}, "71": {"time": 57.74232258064516, "direction": 0}, "72": {"time": 59.29070967741935, "direction": 0}, "73": {"time": 59.29070967741935, "direction": 3}, "74": {"time": 60.06490322580645, "direction": 2}, "75": {"time": 60.83909677419355, "direction": 3}, "76": {"time": 61.613290322580646, "direction": 0}, "77": {"time": 62.38748387096774, "direction": 1}, "78": {"time": 63.16167741935484, "direction": 0}, "79": {"time": 63.935870967741934, "direction": 2}, "80": {"time": 64.71006451612904, "direction": 0}, "81": {"time": 65.48425806451613, "direction": 0}, "82": {"time": 65.48425806451613, "direction": 3}, "83": {"time": 66.25845161290323, "direction": 0}, "84": {"time": 67.03264516129032, "direction": 1}, "85": {"time": 67.80683870967742, "direction": 0}, "86": {"time": 68.58103225806451, "direction": 3}, "87": {"time": 69.35522580645161, "direction": 1}, "88": {"time": 70.1294193548387, "direction": 2}, "89": {"time": 70.9036129032258, "direction": 2}, "90": {"time": 71.6778064516129, "direction": 0}, "91": {"time": 71.6778064516129, "direction": 3}, "92": {"time": 72.452, "direction": 3}, "93": {"time": 73.2261935483871, "direction": 2}, "94": {"time": 74.00038709677419, "direction": 3}, "95": {"time": 74.7745806451613, "direction": 0}, "96": {"time": 75.16167741935483, "direction": 3}, "97": {"time": 75.54877419354838, "direction": 0}, "98": {"time": 76.32296774193549, "direction": 0}, "99": {"time": 77.09716129032257, "direction": 0}, "100": {"time": 77.87135483870968, "direction": 0}, "101": {"time": 77.87135483870968, "direction": 3}, "102": {"time": 78.64554838709677, "direction": 2}, "103": {"time": 79.41974193548387, "direction": 3}, "104": {"time": 80.19393548387096, "direction": 0}, "105": {"time": 80.96812903225806, "direction": 2}, "106": {"time": 81.74232258064517, "direction": 0}, "107": {"time": 82.51651612903225, "direction": 3}, "108": {"time": 83.29070967741936, "direction": 1}, "109": {"time": 84.06490322580645, "direction": 0}, "110": {"time": 84.06490322580645, "direction": 3}, "111": {"time": 84.83909677419355, "direction": 0}, "112": {"time": 85.61329032258064, "direction": 1}, "113": {"time": 86.38748387096774, "direction": 0}, "114": {"time": 87.16167741935483, "direction": 3}, "115": {"time": 87.93587096774193, "direction": 1}, "116": {"time": 88.71006451612904, "direction": 2}, "117": {"time": 89.48425806451613, "direction": 1}, "118": {"time": 90.25845161290323, "direction": 0}, "119": {"time": 90.25845161290323, "direction": 3}, "120": {"time": 91.03264516129032, "direction": 3}, "121": {"time": 91.80683870967742, "direction": 1}, "122": {"time": 92.58103225806451, "direction": 3}, "123": {"time": 93.35522580645161, "direction": 0}, "124": {"time": 94.1294193548387, "direction": 1}, "125": {"time": 94.9036129032258, "direction": 0}, "126": {"time": 95.6778064516129, "direction": 0}, "127": {"time": 96.452, "direction": 0}, "128": {"time": 96.452, "direction": 3}, "129": {"time": 97.2261935483871, "direction": 0}, "130": {"time": 98.00038709677419, "direction": 2}, "131": {"time": 98.7745806451613, "direction": 0}, "132": {"time": 99.54877419354838, "direction": 3}, "133": {"time": 100.32296774193549, "direction": 2}, "134": {"time": 101.09716129032257, "direction": 2}, "135": {"time": 102.64554838709677, "direction": 0}, "136": {"time": 102.64554838709677, "direction": 3}, "137": {"time": 103.41974193548387, "direction": 3}, "138": {"time": 104.19393548387096, "direction": 3}, "139": {"time": 104.96812903225806, "direction": 0}, "140": {"time": 105.74232258064517, "direction": 0}, "141": {"time": 106.1294193548387, "direction": 2}, "142": {"time": 106.51651612903225, "direction": 0}, "143": {"time": 107.29070967741936, "direction": 0}, "144": {"time": 107.29070967741936, "direction": 3}, "145": {"time": 108.06490322580645, "direction": 1}, "146": {"time": 108.06490322580645, "direction": 3}, "147": {"time": 108.64554838709677, "direction": 0}, "148": {"time": 108.64554838709677, "direction": 3}, "length": 148, "meter": 3}