{"0": {"time": 11.991876, "direction": 3}, "1": {"time": 12.334733142857141, "direction": 0}, "2": {"time": 12.677590285714285, "direction": 3}, "3": {"time": 13.020447428571428, "direction": 0}, "4": {"time": 13.36330457142857, "direction": 2}, "5": {"time": 13.706161714285713, "direction": 1}, "6": {"time": 14.049018857142856, "direction": 2}, "7": {"time": 14.391876, "direction": 1}, "8": {"time": 14.734733142857142, "direction": 3}, "9": {"time": 15.077590285714285, "direction": 2}, "10": {"time": 15.420447428571428, "direction": 3}, "11": {"time": 15.76330457142857, "direction": 2}, "12": {"time": 16.10616171428571, "direction": 1}, "13": {"time": 16.449018857142857, "direction": 0}, "14": {"time": 16.791876, "direction": 1}, "15": {"time": 17.134733142857144, "direction": 0}, "16": {"time": 17.477590285714285, "direction": 3}, "17": {"time": 17.820447428571427, "direction": 3}, "18": {"time": 18.16330457142857, "direction": 0}, "19": {"time": 18.506161714285714, "direction": 0}, "20": {"time": 18.849018857142855, "direction": 2}, "21": {"time": 19.191876, "direction": 1}, "22": {"time": 19.534733142857142, "direction": 2}, "23": {"time": 19.877590285714284, "direction": 1}, "24": {"time": 20.220447428571426, "direction": 3}, "25": {"time": 20.56330457142857, "direction": 0}, "26": {"time": 20.906161714285716, "direction": 0}, "27": {"time": 21.249018857142858, "direction": 0}, "28": {"time": 21.591876, "direction": 0}, "29": {"time": 21.591876, "direction": 3}, "30": {"time": 22.277590285714282, "direction": 0}, "31": {"time": 22.277590285714282, "direction": 3}, "32": {"time": 22.963304571428573, "direction": 1}, "33": {"time": 22.963304571428573, "direction": 2}, "34": {"time": 24.33473314285714, "direction": 0}, "35": {"time": 25.02044742857143, "direction": 3}, "36": {"time": 25.706161714285713, "direction": 0}, "37": {"time": 26.391875999999996, "direction": 3}, "38": {"time": 27.077590285714287, "direction": 2}, "39": {"time": 27.76330457142857, "direction": 2}, "40": {"time": 28.449018857142857, "direction": 1}, "41": {"time": 29.13473314285714, "direction": 1}, "42": {"time": 29.820447428571427, "direction": 0}, "43": {"time": 30.506161714285714, "direction": 0}, "44": {"time": 31.191876, "direction": 3}, "45": {"time": 31.534733142857142, "direction": 3}, "46": {"time": 31.877590285714284, "direction": 0}, "47": {"time": 32.22044742857143, "direction": 0}, "48": {"time": 32.563304571428574, "direction": 3}, "49": {"time": 32.906161714285716, "direction": 0}, "50": {"time": 33.24901885714286, "direction": 3}, "51": {"time": 33.93473314285714, "direction": 1}, "52": {"time": 34.620447428571424, "direction": 2}, "53": {"time": 35.306161714285714, "direction": 1}, "54": {"time": 35.991876, "direction": 3}, "55": {"time": 36.67759028571429, "direction": 0}, "56": {"time": 37.02044742857143, "direction": 0}, "57": {"time": 37.36330457142857, "direction": 1}, "58": {"time": 37.70616171428571, "direction": 1}, "59": {"time": 38.049018857142855, "direction": 2}, "60": {"time": 38.73473314285714, "direction": 3}, "61": {"time": 39.42044742857143, "direction": 1}, "62": {"time": 39.76330457142857, "direction": 1}, "63": {"time": 40.10616171428571, "direction": 2}, "64": {"time": 40.44901885714286, "direction": 2}, "65": {"time": 40.791876, "direction": 1}, "66": {"time": 41.134733142857144, "direction": 2}, "67": {"time": 41.477590285714285, "direction": 1}, "68": {"time": 41.82044742857143, "direction": 2}, "69": {"time": 42.16330457142857, "direction": 1}, "70": {"time": 42.50616171428571, "direction": 1}, "71": {"time": 42.84901885714285, "direction": 2}, "72": {"time": 43.191876, "direction": 2}, "73": {"time": 43.53473314285714, "direction": 1}, "74": {"time": 43.877590285714284, "direction": 1}, "75": {"time": 44.220447428571426, "direction": 2}, "76": {"time": 44.56330457142857, "direction": 2}, "77": {"time": 44.906161714285716, "direction": 0}, "78": {"time": 45.24901885714286, "direction": 0}, "79": {"time": 45.591876, "direction": 0}, "80": {"time": 45.93473314285714, "direction": 0}, "81": {"time": 46.27759028571428, "direction": 3}, "82": {"time": 46.620447428571424, "direction": 3}, "83": {"time": 46.96330457142857, "direction": 3}, "84": {"time": 47.306161714285714, "direction": 3}, "85": {"time": 47.649018857142856, "direction": 1}, "86": {"time": 47.991876, "direction": 1}, "87": {"time": 48.33473314285714, "direction": 1}, "88": {"time": 48.67759028571429, "direction": 1}, "89": {"time": 49.02044742857143, "direction": 2}, "90": {"time": 49.36330457142857, "direction": 2}, "91": {"time": 49.70616171428571, "direction": 2}, "92": {"time": 50.049018857142855, "direction": 2}, "93": {"time": 50.391875999999996, "direction": 0}, "94": {"time": 50.734733142857145, "direction": 2}, "95": {"time": 51.07759028571429, "direction": 0}, "96": {"time": 51.42044742857143, "direction": 2}, "97": {"time": 51.76330457142857, "direction": 1}, "98": {"time": 52.10616171428571, "direction": 3}, "99": {"time": 52.44901885714285, "direction": 1}, "100": {"time": 52.791876, "direction": 3}, "101": {"time": 53.134733142857144, "direction": 0}, "102": {"time": 53.477590285714285, "direction": 0}, "103": {"time": 53.82044742857143, "direction": 0}, "104": {"time": 54.16330457142857, "direction": 0}, "105": {"time": 54.50616171428571, "direction": 3}, "106": {"time": 54.84901885714286, "direction": 3}, "107": {"time": 55.191876, "direction": 3}, "108": {"time": 55.53473314285714, "direction": 2}, "109": {"time": 55.877590285714284, "direction": 1}, "110": {"time": 56.220447428571426, "direction": 0}, "111": {"time": 56.56330457142857, "direction": 3}, "112": {"time": 56.906161714285716, "direction": 2}, "113": {"time": 57.24901885714286, "direction": 1}, "114": {"time": 57.591876, "direction": 1}, "115": {"time": 57.93473314285714, "direction": 0}, "116": {"time": 58.27759028571428, "direction": 0}, "117": {"time": 58.620447428571424, "direction": 3}, "118": {"time": 58.96330457142857, "direction": 3}, "119": {"time": 59.306161714285714, "direction": 1}, "120": {"time": 59.649018857142856, "direction": 1}, "121": {"time": 59.991876, "direction": 2}, "122": {"time": 60.33473314285714, "direction": 0}, "123": {"time": 60.67759028571429, "direction": 3}, "124": {"time": 61.02044742857143, "direction": 1}, "125": {"time": 61.36330457142857, "direction": 2}, "126": {"time": 62.734733142857145, "direction": 0}, "127": {"time": 62.734733142857145, "direction": 3}, "128": {"time": 64.10616171428572, "direction": 1}, "129": {"time": 64.10616171428572, "direction": 2}, "130": {"time": 65.47759028571429, "direction": 0}, "131": {"time": 65.47759028571429, "direction": 1}, "132": {"time": 66.84901885714285, "direction": 3}, "133": {"time": 67.19187600000001, "direction": 3}, "134": {"time": 67.53473314285714, "direction": 0}, "135": {"time": 67.87759028571429, "direction": 0}, "136": {"time": 68.22044742857142, "direction": 3}, "137": {"time": 68.56330457142857, "direction": 0}, "138": {"time": 68.90616171428572, "direction": 3}, "139": {"time": 69.24901885714286, "direction": 0}, "140": {"time": 69.591876, "direction": 3}, "141": {"time": 69.93473314285714, "direction": 3}, "142": {"time": 70.27759028571428, "direction": 0}, "143": {"time": 70.62044742857142, "direction": 0}, "144": {"time": 70.96330457142858, "direction": 1}, "145": {"time": 70.96330457142858, "direction": 2}, "146": {"time": 71.64901885714286, "direction": 3}, "147": {"time": 71.99187599999999, "direction": 0}, "148": {"time": 72.33473314285715, "direction": 2}, "149": {"time": 72.67759028571429, "direction": 2}, "150": {"time": 73.02044742857143, "direction": 1}, "151": {"time": 73.36330457142857, "direction": 1}, "152": {"time": 73.70616171428571, "direction": 3}, "153": {"time": 74.04901885714285, "direction": 0}, "154": {"time": 74.391876, "direction": 2}, "155": {"time": 74.73473314285715, "direction": 0}, "156": {"time": 75.07759028571428, "direction": 1},