{"0": {"time": 4.2157083576368635, "direction": 2}, "1": {"time": 4.715666694442129, "direction": 2}, "2": {"time": 5.715583368052663, "direction": 1}, "3": {"time": 6.715500041663194, "direction": 3}, "4": {"time": 7.215458378468461, "direction": 0}, "5": {"time": 7.715416715273727, "direction": 3}, "6": {"time": 8.71533338888426, "direction": 2}, "7": {"time": 9.215291725689525, "direction": 2}, "8": {"time": 9.71525006249479, "direction": 2}, "9": {"time": 10.715166736105324, "direction": 1}, "10": {"time": 11.715083409715856, "direction": 3}, "11": {"time": 12.215041746521122, "direction": 2}, "12": {"time": 12.715000083326387, "direction": 1}, "13": {"time": 13.214958420131655, "direction": 0}, "14": {"time": 13.71491675693692, "direction": 2}, "15": {"time": 14.714833430547452, "direction": 1}, "16": {"time": 15.21479176735272, "direction": 2}, "17": {"time": 15.714750104157986, "direction": 3}, "18": {"time": 16.214708440963253, "direction": 2}, "19": {"time": 16.714666777768517, "direction": 1}, "20": {"time": 17.214625114573785, "direction": 3}, "21": {"time": 17.714583451379053, "direction": 0}, "22": {"time": 17.714583451379053, "direction": 3}, "23": {"time": 18.714500124989584, "direction": 2}, "24": {"time": 19.21445846179485, "direction": 1}, "25": {"time": 19.714416798600116, "direction": 1}, "26": {"time": 19.714416798600116, "direction": 2}, "27": {"time": 20.71433347221065, "direction": 0}, "28": {"time": 21.214291809015915, "direction": 0}, "29": {"time": 21.214291809015915, "direction": 2}, "30": {"time": 21.714250145821183, "direction": 3}, "31": {"time": 22.214208482626447, "direction": 1}, "32": {"time": 22.214208482626447, "direction": 3}, "33": {"time": 22.714166819431714, "direction": 0}, "34": {"time": 23.21412515623698, "direction": 3}, "35": {"time": 23.714083493042246, "direction": 0}, "36": {"time": 23.714083493042246, "direction": 3}, "37": {"time": 24.714000166652777, "direction": 2}, "38": {"time": 25.213958503458045, "direction": 2}, "39": {"time": 25.713916840263312, "direction": 1}, "40": {"time": 26.713833513873844, "direction": 3}, "41": {"time": 27.713750187484376, "direction": 2}, "42": {"time": 28.213708524289643, "direction": 1}, "43": {"time": 28.713666861094907, "direction": 0}, "44": {"time": 29.213625197900175, "direction": 2}, "45": {"time": 29.713583534705442, "direction": 1}, "46": {"time": 30.213541871510706, "direction": 1}, "47": {"time": 30.713500208315974, "direction": 2}, "48": {"time": 31.213458545121238, "direction": 3}, "49": {"time": 31.713416881926506, "direction": 1}, "50": {"time": 32.21337521873177, "direction": 2}, "51": {"time": 32.713333555537034, "direction": 3}, "52": {"time": 33.213291892342305, "direction": 1}, "53": {"time": 33.71325022914757, "direction": 0}, "54": {"time": 33.71325022914757, "direction": 2}, "55": {"time": 34.713166902758104, "direction": 1}, "56": {"time": 35.21312523956337, "direction": 3}, "57": {"time": 35.71308357636863, "direction": 2}, "58": {"time": 35.71308357636863, "direction": 3}, "59": {"time": 36.71300024997917, "direction": 1}, "60": {"time": 37.21295858678443, "direction": 2}, "61": {"time": 37.7129169235897, "direction": 0}, "62": {"time": 38.212875260394966, "direction": 1}, "63": {"time": 38.71283359720023, "direction": 2}, "64": {"time": 39.2127919340055, "direction": 1}, "65": {"time": 39.712750270810766, "direction": 3}, "66": {"time": 40.21270860761603, "direction": 0}, "67": {"time": 40.7126669444213, "direction": 3}, "68": {"time": 41.212625281226565, "direction": 2}, "69": {"time": 41.71258361803183, "direction": 3}, "70": {"time": 42.21254195483709, "direction": 1}, "71": {"time": 42.712500291642364, "direction": 2}, "72": {"time": 43.21245862844763, "direction": 0}, "73": {"time": 43.71241696525289, "direction": 1}, "74": {"time": 44.21237530205816, "direction": 0}, "75": {"time": 44.71233363886343, "direction": 2}, "76": {"time": 45.21229197566869, "direction": 1}, "77": {"time": 45.71225031247396, "direction": 2}, "78": {"time": 46.71216698608449, "direction": 1}, "79": {"time": 47.21212532288976, "direction": 3}, "80": {"time": 47.712083659695026, "direction": 2}, "81": {"time": 48.712000333305554, "direction": 3}, "82": {"time": 49.211958670110825, "direction": 1}, "83": {"time": 49.71191700691609, "direction": 3}, "84": {"time": 50.21187534372135, "direction": 2}, "85": {"time": 50.711833680526624, "direction": 1}, "86": {"time": 51.21179201733189, "direction": 0}, "87": {"time": 51.71175035413715, "direction": 2}, "88": {"time": 52.21170869094242, "direction": 1}, "89": {"time": 52.71166702774769, "direction": 2}, "90": {"time": 53.21162536455295, "direction": 0}, "91": {"time": 53.71158370135822, "direction": 3}, "92": {"time": 54.71150037496875, "direction": 1}, "93": {"time": 55.211458711774014, "direction": 3}, "94": {"time": 55.711417048579285, "direction": 2}, "95": {"time": 56.71133372218981, "direction": 3}, "96": {"time": 57.211292058995085, "direction": 0}, "97": {"time": 57.71125039580035, "direction": 3}, "98": {"time": 58.711167069410884, "direction": 1}, "99": {"time": 59.21112540621615, "direction": 2}, "100": {"time": 59.71108374302141, "direction": 1}, "101": {"time": 60.71100041663195, "direction": 2}, "102": {"time": 61.21095875343721, "direction": 0}, "103": {"time": 61.710917090242475, "direction": 3}, "104": {"time": 62.210875427047746, "direction": 1}, "105": {"time": 62.71083376385301, "direction": 3}, "106": {"time": 63.210792100658274, "direction": 0}, "107": {"time": 63.710750437463545, "direction": 3}, "108": {"time": 64.21070877426881, "direction": 0}, "109": {"time": 64.71066711107407, "direction": 2}, "110": {"time": 65.21062544787934, "direction": 1}, "111": {"time": 65.7105837846846, "direction": 2}, "112": {"time": 66.21054212148987, "direction": 1}, "113": {"time": 66.71050045829513, "direction": 3}, "114": {"time": 67.2104587951004, "direction": 0}, "115": {"time": 67.2104587951004, "direction": 3}, "116": {"time": 67.71041713190567, "direction": 0}, "117": {"time": 68.21037546871094, "direction": 0}, "118": {"time": 68.21037546871094, "direction": 3}, "119": {"time": 68.7103338055162, "direction": 2}, "120": {"time": 69.21029214232146, "direction": 1}, "121": {"time": 69.21029214232146, "direction": 2}, "122": {"time": 69.71025047912673, "direction": 1}, "123": {"time": 70.21020881593199, "direction": 1}, "124": {"time": 70.21020881593199, "direction": 2}, "125": {"time": 70.71016715273726, "direction": 3}, "126": {"time": 71.7100838263478, "direction": 0}, "127": {"time": 72.71000049995833, "direction": 2}, "128": {"time": 73.20995883676359, "direction": 1}, "129": {"time": 73.70991717356885, "direction": 3}, "130": {"time": 74.7098338471794, "direction": 2}, "131": {"time": 75.70975052078992, "direction": 1}, "132": {"time": 76.70966719440045, "direction": 0}, "133": {"time": 77.20962553120572, "direction": 3}, "134": {"time": 77.709583868011, "direction": 0}, "135": {"time": 77.709583868011, "direction": 3}, "136": {"time": 78.70950054162152, "direction": 2}, "137": {"time": 79.20945887842679, "direction": 1}, "138": {"time": 79.70941721523205, "direction": 2}, "139": {"time": 80.20937555203732, "direction": 1}, "140": {"time": 80.7093338888426, "direction": 3}, "141": {"time": 81.20929222564786, "direction": 0}, "142": {"time": 81.70925056245312, "direction": 3}, "143": {"time": 82.20920889925839, "direction": 0}, "144": {"time": 82.70916723606365, "direction": 3}, "145": {"time": 83.20912557286891, "direction": 2}, "146": {"time": 83.70908390967418, "direction": 3}, "147": {"time": 84.20904224647946, "direction": 0}, "148": {"time": 84.70900058328472, "direction": 2}, "149": {"time": 85.20895892008998, "direction": 1}, "150": {"time": 85.70891725689525, "direction": 2}, "length": 150, "meter": 4}